titles,likes,date,images
"[""Taylor Swift's Spectacular Tour Sparks Unprecedented Hotel Booking Surge in Buenos Aires"", 'A Complete Guide to Hotel Revenue Management', 'The Ultimate Guide to Choosing the Right Hotel Booking Engine', 'Maximize Your Hotel’s Exposure with Google AdSense’s New ""Related Search"" Feature in Auto Ads', ""Beyond Reach & Frequency: Hotels' New Era with Facebook's 'Reservation' Buying Type"", 'Managing Overbookings and Cancellations with Hotel Booking Engines', 'Global Distribution System (GDS) vs. Channel Manager: Which is Right for Your Hotel', 'Jingle All the Way: Europe Christmas Travel Trends', 'Why Bing Hotel Ads Should Be in Your Marketing Mix']","['9', '5', '4', '32', '17', '12', '11', '8', '9']","['NOVEMBER 23, 2023', 'NOVEMBER 22, 2023', 'NOVEMBER 22, 2023', 'OCTOBER 20, 2023', 'OCTOBER 12, 2023', 'OCTOBER 5, 2023', 'OCTOBER 1, 2023', 'SEPTEMBER 28, 2023', 'SEPTEMBER 28, 2023']",[]
"['Unraveling the Alchemy: Year-End Travel Trends in Singapore', ""Year-End U.S. Domestic Travel Insights: A Revenue Manager's Guide to Success"", ""Unlocking Top Travel Destinations in Egypt: A Hotelier's Playbook"", ""Shaping Success in Egypt's Dynamic Hospitality Landscape: A Roadmap for Hoteliers"", 'Checking In to a Greener Future: Renewable Energy in Hotels', 'Sustaining Communities: The Role of Travel Sellers in Sustainable Tourism', 'Flowing Towards Sustainability: Water Conservation in Hotels', 'Eco-Friendly Practices in Vacation Rentals: A Win-Win for Guests and the Environment', 'Zero-Waste Travel: A Sustainable Path to Explore the World']","['8', '7', '7', '7', '6', '6', '6', '7', '6']","['SEPTEMBER 26, 2023', 'SEPTEMBER 25, 2023', 'SEPTEMBER 25, 2023', 'SEPTEMBER 22, 2023', 'SEPTEMBER 15, 2023', 'SEPTEMBER 14, 2023', 'SEPTEMBER 11, 2023', 'SEPTEMBER 10, 2023', 'SEPTEMBER 9, 2023']","['https://rategaincom.wpenginepowered.com/wp-content/uploads/2023/10/Singapores-Secret-Recipe-for-Year-End-Travel-Success.png', 'https://rategaincom.wpenginepowered.com/wp-content/uploads/2023/10/Is-U.S.A.-expecting-a-Domestic-Travel-Boom-this-year-end.png', 'https://rategaincom.wpenginepowered.com/wp-content/uploads/2023/09/Unlocking-Top-Travel-Destinations-in-Egypt-A-Hoteliers-Playbook.jpg', 'https://rategaincom.wpenginepowered.com/wp-content/uploads/2023/09/Shaping-Success-in-Egypts-Dynamic-Hospitality-Landscape.jpg', 'https://rategaincom.wpenginepowered.com/wp-content/uploads/2023/09/Powering-Hospitality-How-Renewable-Energy-Is-Reshaping-Hotels.png', 'https://rategaincom.wpenginepowered.com/wp-content/uploads/2023/09/How-Travel-Sellers-Support-Local-Economies.png', 'https://rategaincom.wpenginepowered.com/wp-content/uploads/2023/09/Drip-by-Drip-How-Hotels-Are-Leading-the-Way-in-Water-Conservation.png', 'https://rategaincom.wpenginepowered.com/wp-content/uploads/2023/09/Eco-friendly-practices-in-Vacation-Rentals.png', 'https://rategaincom.wpenginepowered.com/wp-content/uploads/2023/09/Trash-to-Treasures-Zero-Waste-Travelers-Handbook.png']"
"['Building a Greener Future: Sustainable Supply Chain Management in Hotels', 'Airline Sustainability Initiatives: How Airlines are Going Green', 'Exploring Eco-Tourism: Where Nature Meets Responsible Travel', 'Measuring and Reporting Sustainability Impact: Metrics for Hotels and Travel Sellers', 'Reducing Carbon Footprint: Sustainable Practices for Tour Operators', 'Preserving Paradise: Biodiversity Conservation in Travel', 'How Green is your Hotel? Do Good and Show it to the World – on Google, for Example', 'The Digital Evolution of UK Hospitality: A Historic Journey From Keys to Clicks', 'Driving Green: The Future of Sustainable Car Rentals']","['5', '4', '6', '4', '6', '5', '7', '7', '6']","['SEPTEMBER 8, 2023', 'SEPTEMBER 7, 2023', 'SEPTEMBER 6, 2023', 'SEPTEMBER 6, 2023', 'SEPTEMBER 5, 2023', 'SEPTEMBER 4, 2023', 'SEPTEMBER 3, 2023', 'SEPTEMBER 1, 2023', 'SEPTEMBER 1, 2023']","['https://rategaincom.wpenginepowered.com/wp-content/uploads/2023/09/Hotel-Sustainable-Supply-Chain-Strategies.png', 'https://rategaincom.wpenginepowered.com/wp-content/uploads/2023/09/Airlines-Sustainable-Innovations.png', 'https://rategaincom.wpenginepowered.com/wp-content/uploads/2023/09/Embrace-Eco-Tourism-Your-Passport-to-Sustainable-Wanderlust.png', 'https://rategaincom.wpenginepowered.com/wp-content/uploads/2023/09/Measuring-and-Reporting-Sustainability-Impact.png', 'https://rategaincom.wpenginepowered.com/wp-content/uploads/2023/09/Sustainable-Practices-for-Tour-Operators.png', 'https://rategaincom.wpenginepowered.com/wp-content/uploads/2023/09/Wings-and-Wonders-Biodiversity-Conservation-in-Tourism.png', 'https://rategaincom.wpenginepowered.com/wp-content/uploads/2023/09/Green-Hotel-Badge-for-Sustainable-Accommodations.png', 'https://rategaincom.wpenginepowered.com/wp-content/uploads/2023/09/Evolution-of-UK-Hospitality.png', 'https://rategaincom.wpenginepowered.com/wp-content/uploads/2023/10/Driving-Green-The-Future-of-Sustainable-Car-Rentals.png']"
"['Taste the Future: Sustainable Food Practices in Hotels and Restaurants', 'The Heart of Travel: DMOs and Their Impact on Local Economies', ""Exploring India's Travel Resurgence: From G20 Summit to Cricket Hype Amidst a High-Demand Festive Season"", ""Social Media Meets Google Business Profile: Here's Why You Should Care"", 'Connect the Dots: Decoding Common Hotel System Connectivity Challenges', ""GA4's New User Data Export to BigQuery: Your Key to Hyper-Personalized Hotel Marketing"", 'How AI and Machine Learning are Shaping Hotel Search Engines', 'Unpacking Global DE&I Pillars: A Strategy for Inclusivity', 'The Evolution of Hotel Search Engines: Past, Present, and Future']","['6', '8', '9', '5', '5', '5', '5', '5', '5']","['SEPTEMBER 1, 2023', 'SEPTEMBER 1, 2023', 'AUGUST 31, 2023', 'AUGUST 21, 2023', 'AUGUST 18, 2023', 'AUGUST 17, 2023', 'AUGUST 16, 2023', 'AUGUST 16, 2023', 'AUGUST 15, 2023']","['https://rategaincom.wpenginepowered.com/wp-content/uploads/2023/09/Taste-the-Future-Sustainable-Food-Practices-in-Hospitality.png', 'https://rategaincom.wpenginepowered.com/wp-content/uploads/2023/10/The-DMO-Effect-Enhancing-Tourisms-Role-in-Local-Economies.png', 'https://rategaincom.wpenginepowered.com/wp-content/uploads/2023/08/The-World-is-Coming-to-India-this-Winter-Season.png', 'https://rategaincom.wpenginepowered.com/wp-content/uploads/2023/08/Your-Hotels-Social-Media-Just-Got-Google-fied-Google-Business-Profile.webp', 'https://rategaincom.wpenginepowered.com/wp-content/uploads/2023/08/The-Hidden-Costs-of-Poor-Hotel-System-Connectivity.png', 'https://rategaincom.wpenginepowered.com/wp-content/uploads/2023/08/Google-Analytics-4-Rolls-Out-New-User-Data-Export-To-BigQuery.webp', 'https://rategaincom.wpenginepowered.com/wp-content/uploads/2023/08/Role-of-AI-Ml-in-Hotel-Search-Engines.webp', 'https://rategaincom.wpenginepowered.com/wp-content/uploads/2023/08/DE-I-RG.webp', 'https://rategaincom.wpenginepowered.com/wp-content/uploads/2023/08/evolution-of-hotel-search-engines.webp']"
"['From Green Revolution to Space Exploration: 75 Innovations Propelling India Beyond 75', 'Going Green: How Hotel Search Engines are Championing the Cause of Sustainable Travel', ""Get Noticed: The Smart Hotelier's Guide to Google's Filtered Search Carousel"", 'Understanding the Mechanics of Hotel Search Engines', ""Hospitality in the Digital Age: Software Breakthroughs and What's Next"", 'Gaining a Competitive Edge at Every Stage of the Traveler Journey', ""Elevate Your Hotel's Performance with Revenue Management Analytics"", 'How Hotels Can Stay Ahead in the Dynamic Hospitality Industry', 'What is Hospitality Management? Why is it Important?']","['6', '3', '3', '4', '5', '5', '5', '6', '5']","['AUGUST 14, 2023', 'AUGUST 10, 2023', 'AUGUST 9, 2023', 'AUGUST 9, 2023', 'AUGUST 8, 2023', 'AUGUST 4, 2023', 'AUGUST 4, 2023', 'AUGUST 4, 2023', 'AUGUST 1, 2023']","['https://rategaincom.wpenginepowered.com/wp-content/uploads/2023/08/India-beyond-75.webp', 'https://rategaincom.wpenginepowered.com/wp-content/uploads/2023/08/How-Hotel-Search-Engines-are-Supporting-Sustainable-Travel.webp', 'https://rategaincom.wpenginepowered.com/wp-content/uploads/2023/08/Google_s-New-Hotel-Search-Carousel.webp', 'https://rategaincom.wpenginepowered.com/wp-content/uploads/2023/08/Understanding-the-Mechanics-of-Hotel-Search-Engines.webp', 'https://rategaincom.wpenginepowered.com/wp-content/uploads/2023/08/Hospitality-in-the-Digital-Age-Softwares-for-Hotel-Success.webp', 'https://rategaincom.wpenginepowered.com/wp-content/uploads/2023/08/The-Heart-of-Hospitality-A-Guide-to-Outshine-Competitors-at-Every-Traveler-Touchpoint.webp', 'https://rategaincom.wpenginepowered.com/wp-content/uploads/2023/08/Fine-Tuning-Your-Hotels-Strategy-The-Art-of-Revenue-Management-Analytics.webp', 'https://rategaincom.wpenginepowered.com/wp-content/uploads/2023/08/How-Hotels-Can-Stay-Ahead-in-Dynamic-Hospitality-Industry.webp', 'https://rategaincom.wpenginepowered.com/wp-content/uploads/2023/08/Hospitality-Management-Unraveled-Journey-of-Experiences.png']"
"[""Has 'The Swiftie Fever' Opened New Travel Avenues In the U.S."", 'How to Make Technology Partnerships Successful for Hotels', 'AI and Machine Learning – Who Will Lead the Change and What Will it Look Like?', 'Large Hotel Chains Can Move Fast Too: 10 Ideas To Implement Today', 'The Basics of Distribution for Hotel Chains', 'Supercharging Hotel Bookings: The Game-Changing Benefits of Metasearch Marketing', 'The Tech-Stack Needed by OTAs to Scale Your BI Capabilities', 'The Future of Rate Parity in the Hospitality Industry', 'How Hotel Pricing is Going to Change in the Age of AI']","['5', '7', '7', '5', '5', '5', '5', '6', '5']","['AUGUST 1, 2023', 'JULY 21, 2023', 'JULY 20, 2023', 'JULY 18, 2023', 'JULY 18, 2023', 'JULY 18, 2023', 'JULY 17, 2023', 'JULY 17, 2023', 'JULY 12, 2023']","['https://rategaincom.wpenginepowered.com/wp-content/uploads/2023/08/Has-_The-Swiftie-Fever_-Opened-New-Travel-Avenues-In-the-U.S.webp', 'https://rategaincom.wpenginepowered.com/wp-content/uploads/2023/07/Strategies-to-Succeed-with-Technological-Partnerships-in-Hospitality.webp', 'https://rategaincom.wpenginepowered.com/wp-content/uploads/2023/07/AI-Machine-Learning-Who-Will-Lead-the-Change.webp', 'https://rategaincom.wpenginepowered.com/wp-content/uploads/2023/07/Strategies-for-Big-Hotel-Chains-to-Stay-Ahead.webp', 'https://rategaincom.wpenginepowered.com/wp-content/uploads/2023/07/Mastering-the-Distribution-Game-for-Big-Hotel-Chains.png', 'https://rategaincom.wpenginepowered.com/wp-content/uploads/2023/07/The-Game-Changing-Benefits-of-Metasearch-Marketing.webp', 'https://rategaincom.wpenginepowered.com/wp-content/uploads/2023/07/Techology-Stack-Needed-by-OTAs.webp', 'https://rategaincom.wpenginepowered.com/wp-content/uploads/2023/07/The-Future-of-rate-parity-in-hospitality.webp', 'https://rategaincom.wpenginepowered.com/wp-content/uploads/2023/07/HOW-PRICING-WILL-CHANGE-IN-the-AGE-OF-AI.webp']"
"['Leveraging Instagram Threads for the Travel and Hospitality Industry', 'Calling All Hoteliers: Unleash the Power of GA4 for Optimal Performance', 'Green Gold: Sustainable Hotels Shaping Profitable and Responsible Hospitality', 'Managing Hotel Cancellations: Strategies to Optimize Revenue and Guest Satisfaction', 'Big Data: The Game Changer in Hospitality Industry', 'Unveiling the Hotel Challenges: Navigating Obstacles in the Dynamic Hospitality Landscape', 'Distribution Challenges for Hotels in Latin America', 'Navigating Hotel Distribution Challenges with Technology and Strategy', 'What Does Digital Foundation in Hospitality Look Like']","['5', '7', '6', '4', '5', '5', '5', '7', '6']","['JULY 10, 2023', 'JULY 7, 2023', 'JULY 3, 2023', 'JUNE 28, 2023', 'JUNE 27, 2023', 'JUNE 26, 2023', 'JUNE 23, 2023', 'JUNE 22, 2023', 'JUNE 20, 2023']","['https://rategaincom.wpenginepowered.com/wp-content/uploads/2023/07/Leveraging-Instagram-Threads-for-the-Travel-and-Hospitality-Industry.webp', 'https://rategaincom.wpenginepowered.com/wp-content/uploads/2023/07/GA4.webp', 'https://rategaincom.wpenginepowered.com/wp-content/uploads/2023/07/Sustainable-Hotels.webp', 'https://rategaincom.wpenginepowered.com/wp-content/uploads/2023/07/Managing-Cancellations-to-Optimize-Revenue-_-Guest-Satisfaction.webp', 'https://rategaincom.wpenginepowered.com/wp-content/uploads/2023/06/Hotel-Big-Data-Analytics.webp', 'https://rategaincom.wpenginepowered.com/wp-content/uploads/2023/06/Unveiling-the-Hotel-Challenges-Navigating-Obstacles-in-Dynamic-Hospitality-Landscape.webp', 'https://rategaincom.wpenginepowered.com/wp-content/uploads/2023/06/Distribution-Challenges-for-Hotels-in-Latin-America.webp', 'https://rategaincom.wpenginepowered.com/wp-content/uploads/2023/06/Cracking-Distribution-Code-Navigating-Challenges-with-Technology-and-Strategy.webp', 'https://rategaincom.wpenginepowered.com/wp-content/uploads/2023/06/Digital-foundation-in-hotel-industry.webp']"
"['Effective Hotel Pricing Strategies To Maximize Revenue During Low Demand Periods', 'The Power of Allyship: Building Bridges of Support and Inclusion', 'Mastering Success: Hotel Revenue Management Strategies for Optimal Growth', 'Solving the Challenge of Overbooking in Hotels: Strategies for Seamless Guest Experience', 'Navigating the Highs and Lows: Managing Hotel Demand During Special Events', 'The Impact of Weather on Hotel Demand: Leveraging Insights for Success', 'Inside Google Marketing Live 2023: AI-Powered Innovations & What They Mean for the Hotel Industry', 'Hotel Loyalty Programs: Building Customer Loyalty and Maximizing Rewards', 'The Impact of Seasonality on Hotel Revenue: Understanding the Highs and Lows']","['6', '6', '5', '6', '6', '6', '6', '6', '7']","['JUNE 13, 2023', 'JUNE 12, 2023', 'JUNE 11, 2023', 'JUNE 10, 2023', 'JUNE 9, 2023', 'JUNE 9, 2023', 'JUNE 8, 2023', 'JUNE 8, 2023', 'JUNE 8, 2023']","['https://rategaincom.wpenginepowered.com/wp-content/uploads/2023/06/Effective-Hotel-Pricing-Strategies-During-Low-Demand-Periods.webp', 'https://rategaincom.wpenginepowered.com/wp-content/uploads/2023/06/allyship.webp', 'https://rategaincom.wpenginepowered.com/wp-content/uploads/2023/06/Unlocking-Success-Strategies-for-Hotel-Revenue-Management-Hotel.webp', 'https://rategaincom.wpenginepowered.com/wp-content/uploads/2023/06/Solving-the-Challenge-of-Overbooking-in-Hotels.webp', 'https://rategaincom.wpenginepowered.com/wp-content/uploads/2023/06/Revenue-Management-Managing-Hotel-Demand-During-Special-Events.webp', 'https://rategaincom.wpenginepowered.com/wp-content/uploads/2023/06/Revenue-Management-The-Impact-of-Weather-on-Hotel-Demand.webp', 'https://rategaincom.wpenginepowered.com/wp-content/uploads/2023/06/AI-Powered-Innovations-for-the-Hotel-Industry.jpg', 'https://rategaincom.wpenginepowered.com/wp-content/uploads/2023/06/Unlock-the-Secrets-of-Hotel-Loyalty-Programs.webp', 'https://rategaincom.wpenginepowered.com/wp-content/uploads/2023/06/Revenue-Management-Impact-of-Seasonality-on-Revenue.webp']"
"['Walking the Tight Rope: High Hotel ADR and Low Distribution Cost', 'The Role of Central Reservation Systems in Efficient Hotel Inventory Distribution', 'The History of Pride Month: Celebrating Love and Equality', 'A Comprehensive Guide to Cloud Computing for Hotels: Transforming the Hospitality Industry', 'Unlock the Power of a Hotel Central Reservation System', 'Data and Analytics Can Help You Distribute Your Hotel Inventory Effectively & Run Hotel Profitably', 'Data-Driven Excellence: Maximizing Performance with Hotel Data Analytics', 'Driving Higher Hotel Occupancy Rates: Implementing Effective Strategies', 'The Complete Guide to Hotel Digital Marketing: Boost Your Online Presence and Drive Bookings']","['7', '7', '5', '5', '6', '5', '7', '7', '7']","['JUNE 7, 2023', 'JUNE 7, 2023', 'JUNE 5, 2023', 'JUNE 5, 2023', 'JUNE 1, 2023', 'MAY 26, 2023', 'MAY 26, 2023', 'MAY 25, 2023', 'MAY 24, 2023']","['https://rategaincom.wpenginepowered.com/wp-content/uploads/2016/12/Industry-Statistics-ADR.webp', 'https://rategaincom.wpenginepowered.com/wp-content/uploads/2023/06/Inventory-Management-The-Role-of-CRS-in-Efficient-Hotel-Inventory-Distribution.webp', 'https://rategaincom.wpenginepowered.com/wp-content/uploads/2023/06/pride-month-history.webp', 'https://rategaincom.wpenginepowered.com/wp-content/uploads/2023/06/Hotel-Technology-4-A-Comprehensive-Guide-to-Cloud-Computing-for-Hotels.webp', 'https://rategaincom.wpenginepowered.com/wp-content/uploads/2023/06/Distribution-Understanding-Hotel-Central-Reservation-System-Streamlining-Operations-a.webp', 'https://rategaincom.wpenginepowered.com/wp-content/uploads/2017/09/Hotel-Technology-3-Leveraging-Data-and-Analytics-to-Distribute-Your-Hotel-Inventory-Effectively.webp', 'https://rategaincom.wpenginepowered.com/wp-content/uploads/2023/05/Hotel-Technology-2-Data-Driven-Excellence-Maximizing-Performance-with-Hotel-Data-Analytics.webp', 'https://rategaincom.wpenginepowered.com/wp-content/uploads/2023/05/Driving-Higher-Hotel-Occupancy-Rates.webp', 'https://rategaincom.wpenginepowered.com/wp-content/uploads/2023/01/Hotel-Digital-Marketing-Boost-Your-Online-Presence-_-Drive-Bookings.webp']"
"['What is a Global Distribution System (GDS)? How does it Benefit Your Hotel?', 'Unleashing the Power of Hotel Technology: The Game Changer in Tech-Savvy Hospitality', 'Unlocking Profitability: An Introduction to Hotel Revenue Management', 'Why Should All Destinations Have a Destination Marketing Organization (DMO)?', 'Destination Marketing Organization: Its Roles, Importance, and Benefits in the Hospitality Industry', 'Difference Between a Hotel PMS, Channel Manager, OTAs, and Booking Engine', 'The Complete Guide to Distribution Channels in the Hotel Industry', 'Unlocking New Revenue Streams: A Guide to Effective Channel Management for Hospitality Businesses', 'Unveiling the Magic of Metasearch Engines: A Game Changer for Online Businesses']","['8', '5', '4', '2', '2', '5', '3', '3', '2']","['MAY 23, 2023', 'MAY 23, 2023', 'MAY 23, 2023', 'MAY 22, 2023', 'MAY 22, 2023', 'MAY 22, 2023', 'MAY 21, 2023', 'MAY 21, 2023', 'MAY 21, 2023']","['https://rategaincom.wpenginepowered.com/wp-content/uploads/2022/12/Distribution-What-is-a-Global-Distribution-System-GDS-How-does-it-Benefit-Your-Hotel.webp', 'https://rategaincom.wpenginepowered.com/wp-content/uploads/2023/05/Hotel-Technology-1-The-Power-of-Hotel-Technology.webp', 'https://rategaincom.wpenginepowered.com/wp-content/uploads/2023/05/Revenue-Management-Unlocking-Profitability-with-Hotel-Revenue-Management.webp', 'https://rategaincom.wpenginepowered.com/wp-content/uploads/2023/05/Destination-Marketing-2-Why-Should-all-Destinations-have-a-DMO.webp', 'https://rategaincom.wpenginepowered.com/wp-content/uploads/2023/05/Destination-Marketing-1-What-are-DMOs.webp', 'https://rategaincom.wpenginepowered.com/wp-content/uploads/2023/04/Distribution-Difference-between-Hotel-PMS-Channel-Manager-OTAs-and-Booking-Engine.webp', 'https://rategaincom.wpenginepowered.com/wp-content/uploads/2023/03/Hotel-Distribution-Channels-A-Complete-Guide.webp', 'https://rategaincom.wpenginepowered.com/wp-content/uploads/2023/03/Effective-Channel-Management-for-Hospitality-Businesses.webp', 'https://rategaincom.wpenginepowered.com/wp-content/uploads/2023/05/Metasearch-Engines-A-Game-Changer-for-Online-Businesses.webp']"
"['Where does Content Fit in the Evolution of Hotel Distribution?', ""Boost Your Hotel's Online Presence with a Hotel Content Management System"", 'Streamline Your Hotel Pricing Strategy with Advanced Rate Shopping Software', 'Dynamic Pricing Strategy in Hotels for Hospitality Industry', 'Hotel Pricing Strategy: Maximizing Revenue Through Effective Pricing Techniques', 'How To Use Google Hotel Ads: A Complete Guide', 'Boost Your Hotel Revenue with Efficient Hotel Inventory Management', 'Cracking the Code: How to Benefit from Hotel Wholesalers', '8 Easy Tips for Hotel Revenue Managers to Cope With Rate Parity Issues']","['3', '2', '2', '10', '5', '5', '6', '5', '6']","['MAY 20, 2023', 'MAY 19, 2023', 'MAY 18, 2023', 'MAY 18, 2023', 'MAY 18, 2023', 'MAY 18, 2023', 'MAY 16, 2023', 'MAY 16, 2023', 'MAY 15, 2023']","['https://rategaincom.wpenginepowered.com/wp-content/uploads/2023/05/Adapting-Hotel-Distribution-Mastering-Content-Management-for-Success.webp', 'https://rategaincom.wpenginepowered.com/wp-content/uploads/2023/05/Boost-your-Online-Presence-with-a-Hotel-Content-Management-System.webp', 'https://rategaincom.wpenginepowered.com/wp-content/uploads/2023/05/Streamlining-Hotel-Pricing-Strategy-with-Advanced-Rate-Shopping-Software.webp', 'https://rategaincom.wpenginepowered.com/wp-content/uploads/2016/10/Dynamic-Pricing-Strategy-for-the-Hospitality-Industry.webp', 'https://rategaincom.wpenginepowered.com/wp-content/uploads/2023/05/Pricing-Strategy-1-Hotel-Pricing-Strategy-for-Revenue-Maximization.webp', 'https://rategaincom.wpenginepowered.com/wp-content/uploads/2023/05/Google-Hotel-Ads-_1-How-to-use-Google-Hotel-Ads-A-Complete-Guide.webp', 'https://rategaincom.wpenginepowered.com/wp-content/uploads/2023/05/Inventory-Management-4-Boost-your-Hotel-Revenue-with-Efficient-Hotel-Inventory-Management.webp', 'https://rategaincom.wpenginepowered.com/wp-content/uploads/2023/05/Inventory-Management-3-How-can-you-Benefit-from-Hotel-Wholesalers.webp', 'https://rategaincom.wpenginepowered.com/wp-content/uploads/2023/05/Rate-Parity-_2-Important-Tips-to-cope-up-with-Rate-Parity-Issues.webp']"
"['What is Hotel Rate Parity? Why is it Important in the Hotel Industry?', '18 Factors to Consider before Investing in Channel Manager for Your Hotel', 'Crucial Hotel Sales Strategies to Boost Occupancy and Revenue', 'What is a Hotel Channel Manager? How Do You Choose the Perfect One?', 'How Can Content Solve The Expectation Gap for Hotels?', 'Changing Markets Post-Pandemic: Guest Behaviors Changing Booking Inspiration', 'What is Hotel Occupancy Rate? How to Calculate it?', 'Is RevPAR the Best Metric to Measure Profitability?', 'Why Should Hotels Update Content On OTAs Frequently?']","['5', '4', '4', '5', '5', '4', '7', '4', '5']","['MAY 15, 2023', 'MAY 14, 2023', 'MAY 14, 2023', 'MAY 14, 2023', 'MAY 13, 2023', 'MAY 11, 2023', 'MAY 6, 2023', 'MAY 5, 2023', 'MAY 5, 2023']","['https://rategaincom.wpenginepowered.com/wp-content/uploads/2023/05/Rate-Parity-_1-What-is-Hotel-Rate-Parity-Why-is-it-Important.webp', 'https://rategaincom.wpenginepowered.com/wp-content/uploads/2016/03/Channel-Management-2-Critical-Factors-to-Consider-before-you-Invest-in-a-Hotel-Channel-Manager.webp', 'https://rategaincom.wpenginepowered.com/wp-content/uploads/2023/05/Hotel-Sales-Strategy-Crucial-Hotel-Sales-Strategies-to-Boost-Occupancy-and-Revenue.webp', 'https://rategaincom.wpenginepowered.com/wp-content/uploads/2023/05/Channel-Management-1-What-is-a-channel-manager.webp', 'https://rategaincom.wpenginepowered.com/wp-content/uploads/2023/05/Content-Management-5-How-Can-Content-Solve-The-Expectation-Gap-for-Hotels.webp', 'https://rategaincom.wpenginepowered.com/wp-content/uploads/2023/05/Changing-Markets-Post-Pandemic-Guest-Behaviors-Changing-Booking-Inspiration.png', 'https://rategaincom.wpenginepowered.com/wp-content/uploads/2023/05/Occupancy-Rate-and-calculation.webp', 'https://rategaincom.wpenginepowered.com/wp-content/uploads/2023/05/Is-RevPAR-the-Best-Metric-to-Measure-Profitability-scaled.webp', 'https://rategaincom.wpenginepowered.com/wp-content/uploads/2023/05/Content-Management-4-Why-Should-Hotels-Update-Content-on-OTAs-Frequently.webp']"
"['Why Metasearch is critical for your Direct Bookings Strategy', 'Why Content on OTAs is Critical for Improving Conversion Rates', 'How do Hotels Distribute Inventory to Drive Bookings', 'What is RevPAR ? Why does it Matter?', 'A Complete Guide to Hotel Marketing Strategy for 2023', 'Latin America’s Hospitality Industry is Ready to Take the AI Leap into the Future', 'Sustainability: The Conversation We Need To Have With ChatGPT Today', ""Here's Why You Should Care About Hotel Content Management & Distribution"", 'Why Ease of Use is the Core of any Booking Engine?']","['4', '4', '4', '4', '3', '4', '4', '7', '7']","['MAY 4, 2023', 'MAY 3, 2023', 'MAY 3, 2023', 'MAY 1, 2023', 'APRIL 30, 2023', 'APRIL 27, 2023', 'APRIL 27, 2023', 'APRIL 22, 2023', 'APRIL 15, 2023']","['https://rategaincom.wpenginepowered.com/wp-content/uploads/2023/05/Why-Metasearch-is-critical-for-your-hotels-Direct-Bookings-Strategy-scaled.webp', 'https://rategaincom.wpenginepowered.com/wp-content/uploads/2023/05/Content-Management-3-Why-Content-on-OTAs-is-Critical-for-Improving-Conversion-Rates-scaled.webp', 'https://rategaincom.wpenginepowered.com/wp-content/uploads/2023/05/How-do-Hotels-Distribute-Inventory-to-Drive-Bookings-scaled.webp', 'https://rategaincom.wpenginepowered.com/wp-content/uploads/2023/05/What-is-RevPAR-scaled.webp', 'https://rategaincom.wpenginepowered.com/wp-content/uploads/2023/01/A-Complete-Guide-to-Hotel-Marketing-Strategy-_1_.webp', 'https://rategaincom.wpenginepowered.com/wp-content/uploads/2023/04/Latin-Americas-Hospitality-Industry-is-Ready-to-Take-the-AI-Leap-into-the-Future-1.jpg', 'https://rategaincom.wpenginepowered.com/wp-content/uploads/2023/06/Kamesh-Shukla-on-Sustainable-Travel.webp', 'https://rategaincom.wpenginepowered.com/wp-content/uploads/2023/04/Content-Management-2-Why-Should-You-Care-About-Hotel-Content-Management-Distribution-scaled.webp', 'https://rategaincom.wpenginepowered.com/wp-content/uploads/2023/04/Why-Ease-of-Use-is-the-Core-of-any-Booking-Engine.webp']"
"['Why is Security Critical for a Booking Engine?', 'Thank You Booking.com For Showing Us The Future', 'How to Evaluate a Booking Engine?', 'All You Need to Know About a Hotel Booking Engine', 'Revolutionizing Guest Experiences and Revenue Management with AI', 'What is Direct Booking?', 'The Relevance of Content for Hotels', 'Leading the Way: Top 8 Hospitality Technology Trends to Watch in 2023', 'A Complete Guide to Hotel Connectivity & Distribution']","['7', '4', '7', '3', '9', '9', '4', '6', '3']","['APRIL 14, 2023', 'APRIL 13, 2023', 'APRIL 13, 2023', 'APRIL 12, 2023', 'APRIL 6, 2023', 'APRIL 5, 2023', 'APRIL 1, 2023', 'MARCH 21, 2023', 'MARCH 21, 2023']","['https://rategaincom.wpenginepowered.com/wp-content/uploads/2023/05/Why-is-Security-Critical-for-a-Hotel-Booking-Engine-scaled.webp', 'https://rategaincom.wpenginepowered.com/wp-content/uploads/2023/04/boooking-com-blog-1.jpg', 'https://rategaincom.wpenginepowered.com/wp-content/uploads/2023/05/How-do-you-Evaluate-a-Hotel-Booking-Engine-scaled.webp', 'https://rategaincom.wpenginepowered.com/wp-content/uploads/2023/05/All-You-Need-to-Know-About-a-Hotel-Booking-Engine-scaled.webp', 'https://rategaincom.wpenginepowered.com/wp-content/uploads/2023/04/MicrosoftTeams-image-8.jpg', 'https://rategaincom.wpenginepowered.com/wp-content/uploads/2023/04/what-is-a-direct-booking.jpg', 'https://rategaincom.wpenginepowered.com/wp-content/uploads/2023/04/Content-Management-1-What-is-the-Relevance-of-Content-for-Hotels-scaled.webp', 'https://rategaincom.wpenginepowered.com/wp-content/uploads/2023/03/MicrosoftTeams-image-2-1.jpg', 'https://rategaincom.wpenginepowered.com/wp-content/uploads/2023/03/A-Complete-Guide-to-Hotel-Connectivity-_-Distribution.webp']"
"['Revolutionizing the Hospitality Industry: The Role of Advanced Channel Managers in Driving Hotel Business Growth', 'What are Hotel Industry Statistics?', 'The Data Goldmine: The 3 Step Process to Unlocking the Power of Guest Data', 'How To Use Guest Messaging To Improve Revenue', 'Spin Around the Challenges of an Economic Downturn with AI-Enabled Solutions', 'What is a Hotel Property Management System (PMS)?', 'Unlocking A New Level Of Luxury For Dubai: The Rising Need For Technology', 'Troubleshooting Guest Engagement: Is the Answer in the Palm of your Hands?', 'No Shortage of Guest Engagement Despite Labour Shortage in the UK: Why Technology is the Answer']","['4', '4', '4', '4', '3', '4', '3', '5', '4']","['MARCH 16, 2023', 'MARCH 6, 2023', 'FEBRUARY 15, 2023', 'JANUARY 31, 2023', 'JANUARY 30, 2023', 'JANUARY 23, 2023', 'JANUARY 20, 2023', 'JANUARY 6, 2023', 'DECEMBER 23, 2022']","['https://rategaincom.wpenginepowered.com/wp-content/uploads/2023/03/MicrosoftTeams-image-3-1.jpg', 'https://rategaincom.wpenginepowered.com/wp-content/uploads/2023/05/What-are-the-Key-Hotel-Industry-Statistics-scaled.webp', 'https://rategaincom.wpenginepowered.com/wp-content/uploads/2023/02/MicrosoftTeams-image-1.jpg', 'https://rategaincom.wpenginepowered.com/wp-content/uploads/2023/01/How-To-Use-Guest-Messaging-To-Improve-Revenue.jpg', 'https://rategaincom.wpenginepowered.com/wp-content/uploads/2023/01/MicrosoftTeams-image.jpg', 'https://rategaincom.wpenginepowered.com/wp-content/uploads/2019/04/hotel-revenue-management-system-900x450.jpg', 'https://rategaincom.wpenginepowered.com/wp-content/uploads/2023/01/creating-a-picture-perfect-guest-experience-in-dubai.jpg', 'https://rategaincom.wpenginepowered.com/wp-content/uploads/2023/01/MicrosoftTeams-image-6.jpg', 'https://rategaincom.wpenginepowered.com/wp-content/uploads/2022/12/uk-banner-1.jpg']"
"['Journey to better guest satisfaction: Why digitisation is the shortcut you need', '7 Tips for A Booking-friendly Hotel Website', 'The Problem In Paradise: What The Hotels Of Maldives Need To Know', 'The Good Side Of AI: Read Between The Lines To Understand Your Guests’ Feelings', 'Preparing for the Future of Air Travel Demand', 'Digital Hospitality: No Longer An Oxymoron', 'Peak Experience For The Peak Season', 'Forward-looking Insights on Travel Demand: Top Trending Cities in Asia (Oct – Dec 2022)', 'Guest Dissatisfaction: De-mystified']","['3', '3', '3', '2', '1', '1', '2', '2', '2']","['DECEMBER 16, 2022', 'DECEMBER 12, 2022', 'DECEMBER 6, 2022', 'NOVEMBER 11, 2022', 'NOVEMBER 4, 2022', 'NOVEMBER 3, 2022', 'OCTOBER 27, 2022', 'OCTOBER 24, 2022', 'OCTOBER 19, 2022']","['https://rategaincom.wpenginepowered.com/wp-content/uploads/2022/12/engage-banner-1.jpg', 'https://rategaincom.wpenginepowered.com/wp-content/uploads/2022/12/7-tips-for-a-booking-friendly-hotel-website-blog-banner.jpg', 'https://rategaincom.wpenginepowered.com/wp-content/uploads/2022/12/Top-banner-2.jpg', 'https://rategaincom.wpenginepowered.com/wp-content/uploads/2022/11/sentiment-mapping-1-1.jpg', 'https://rategaincom.wpenginepowered.com/wp-content/uploads/2022/10/Preparing-for-the-Future-of-Air-Travel-Demand.jpg', 'https://rategaincom.wpenginepowered.com/wp-content/uploads/2022/11/Digital-Hosp_Banner-1-scaled.jpg', 'https://rategaincom.wpenginepowered.com/wp-content/uploads/2022/10/Peak-Experience-For-Peak-Season.webp', 'https://rategaincom.wpenginepowered.com/wp-content/uploads/2022/10/Forward-looking-Insights-on-Travel-Demand-Top-Trending-Cities-in-Asia.webp', 'https://rategaincom.wpenginepowered.com/wp-content/uploads/2022/10/Guest-Dissatisfaction.webp']"
"['Beyond Just Emojis: Leveraging WhatsApp To Improve Guest Experience', 'Experiences Above All: The Long and Short of Guest Experiences', 'Humans Of RateGain: Q&A With Mark Haywood', 'India’s Festive Season Travel Outlook', 'Productivity For The Front Desk: What Has Changed', 'How Can Scoring Content Help Hotels Drive More Bookings', 'New Data Sources To Help Commercial Teams Make Better Decisions', 'Hotel Online Bookings Can Be More Profitable', 'Bridging Silos in Commercial Teams Post Pandemic']","['2', '1', '1', '2', '3', '3', '3', '3', '7']","['OCTOBER 11, 2022', 'OCTOBER 6, 2022', 'OCTOBER 4, 2022', 'OCTOBER 3, 2022', 'SEPTEMBER 27, 2022', 'SEPTEMBER 20, 2022', 'SEPTEMBER 20, 2022', 'SEPTEMBER 20, 2022', 'AUGUST 25, 2022']","['https://rategaincom.wpenginepowered.com/wp-content/uploads/2022/10/beyond-just-blog-img.webp', 'https://rategaincom.wpenginepowered.com/wp-content/uploads/2022/10/guests-experience.webp', 'https://rategaincom.wpenginepowered.com/wp-content/uploads/2022/10/Rategain-Partnership.webp', 'https://rategaincom.wpenginepowered.com/wp-content/uploads/2022/10/ezgif.com-gif-maker-6.webp', 'https://rategaincom.wpenginepowered.com/wp-content/uploads/2022/09/Productivity-For-The-Front-Desk-What-Has-Changed.webp', 'https://rategaincom.wpenginepowered.com/wp-content/uploads/2022/09/Drive-more-bookings.webp', 'https://rategaincom.wpenginepowered.com/wp-content/uploads/2022/09/New-Data-Sources-that-can-help-commercial-teams-make-better-decisions-1.webp', 'https://rategaincom.wpenginepowered.com/wp-content/uploads/2022/09/Hotel-Online-Bookings-Can-Be-More-Profitable.webp', 'https://rategaincom.wpenginepowered.com/wp-content/uploads/2022/08/Post-pandemic.webp']"
"['Data Transparency: The New Way to Collaborate in Commercial Teams', 'Are Middle East Hoteliers Ready for the Next Big Shift?', 'Artificial Intelligence in the Hospitality Industry : The Future', 'What is Engage-AI? What are the benefits of using Engage-AI?', 'Enjoy Greater Conversions by Offering Mobile Rates to your Prospective Customers', 'Improving Business by Offering Country Rates to Prospective Customers', 'The Role of Metasearch in Pandemic Recovery', ""Why Forward-looking Demand Intelligence is all the More Important for a Destination and it's DMO Today?"", 'How to Become a Genius and Drive-up Hotel Visibility and Occupancy Rates!']","['7', '5', '6', '7', '7', '6', '6', '5', '5']","['AUGUST 25, 2022', 'JULY 18, 2022', 'JULY 13, 2022', 'JULY 7, 2022', 'JUNE 30, 2022', 'JUNE 21, 2022', 'MAY 31, 2022', 'MARCH 31, 2022', 'MARCH 10, 2022']","['https://rategaincom.wpenginepowered.com/wp-content/uploads/2022/08/Data-Transparency.webp', 'https://rategaincom.wpenginepowered.com/wp-content/uploads/2022/07/Are-Middle-East-Hoteliers-Ready-for-the-Next-Big-Shift.jpg', 'https://rategaincom.wpenginepowered.com/wp-content/uploads/2022/06/Blog-En-2-1.jpg', 'https://rategaincom.wpenginepowered.com/wp-content/uploads/2022/06/Blog-En-1.jpg', 'https://rategaincom.wpenginepowered.com/wp-content/uploads/2022/06/Enjoy-greater-conversions-by-offering-Mobile-Rates-to-your-prospective-customers.jpg', 'https://rategaincom.wpenginepowered.com/wp-content/uploads/2022/06/Improving-Business-by-Offering-Country-Rates-to-Prospective-Customers.jpg', 'https://rategaincom.wpenginepowered.com/wp-content/uploads/2022/05/The-Role-of-Metasearch-in-Pandemic-Recovery.jpg', 'https://rategaincom.wpenginepowered.com/wp-content/uploads/2022/03/Actionable-Accurate-Demand-Intelligence-for-DMOs-and-DMCs-1.jpg', 'https://rategaincom.wpenginepowered.com/wp-content/uploads/2022/03/RateGain-RezGain-Become-a-Genius-and-drive-sales-banner.jpg']"
"['Airline Traveler Forecast: Can it help in anticipating demand better?', 'How can User Experience Help Revenue Managers? Ask AirGain', 'The Travel Manifesto for 2022', 'Marketing Technology in a Data-Driven Era', 'Usability and Accessibility – How they are making AirGain smarter for you!', 'Building a Culture of Empowerment', 'Is The Future Of Forecasting Clear For Revenue Managers?', 'Upcoming Launch: The New Room – Rate Management API will Help Distribution Teams Directly and Quickly Create/Retrieve a Multitude of Room Rate Types from RezGain', 'How Revenue Managers Can Be Future Ready For The Next Crisis']","['6', '3', '9', '8', '10', '8', '10', '5', '9']","['MARCH 9, 2022', 'JANUARY 13, 2022', 'DECEMBER 24, 2021', 'OCTOBER 22, 2021', 'OCTOBER 5, 2021', 'OCTOBER 4, 2021', 'SEPTEMBER 29, 2021', 'SEPTEMBER 28, 2021', 'SEPTEMBER 23, 2021']","['https://rategaincom.wpenginepowered.com/wp-content/uploads/2022/03/Leveling-up-Demand-Forecasting-through-Airline-Traveller-Forecast-3.jpg', 'https://rategaincom.wpenginepowered.com/wp-content/uploads/2022/01/AirGain-new-blog.jpg', 'https://rategaincom.wpenginepowered.com/wp-content/uploads/2021/12/RateGain-Blog-Booking-Travel-Manifesto-for-2022.jpg', 'https://rategaincom.wpenginepowered.com/wp-content/uploads/2021/10/Data-Driven-1.jpg', 'https://rategaincom.wpenginepowered.com/wp-content/uploads/2021/10/Usability-and-Accessibility-How-they-are-making-AirGain-smarter-for-you.jpg', 'https://rategaincom.wpenginepowered.com/wp-content/uploads/2021/10/Building-a-Culture-of-Empowerment.jpg', 'https://rategaincom.wpenginepowered.com/wp-content/uploads/2021/09/Is-The.jpg', 'https://rategaincom.wpenginepowered.com/wp-content/uploads/2021/09/Directly-Manage-Rooms-and-Rates-from-RateGains-Channel-Manager-UI-to-Booking-com-2.jpg', 'https://rategaincom.wpenginepowered.com/wp-content/uploads/2021/09/How-revenue-managers-can-be-future-ready-for-the-next-crisis.jpg']"
"['How Can New Airlines Thrive the Post- Covid World', 'Making Your Hotel Channel Manager Adapt to Your Day', 'CarGain Canvas: Analytics that give you 360 degree control over your market', 'What Signals is the Summer of 2021 Giving Car Rentals?', 'WHAT ARE YOUR PRONOUNS?', 'Bringing More Speed and Agility to Airline Pricing for the Post-COVID Revenue Manager', 'The Current State of Airline Pricing post-Covid', 'How can hoteliers get 2021 right with a solid pricing strategy as volatility in recovery persists', 'Why We Must Tell a Visual Data Story']","['4', '4', '3', '4', '9', '5', '5', '5', '5']","['SEPTEMBER 3, 2021', 'SEPTEMBER 1, 2021', 'SEPTEMBER 1, 2021', 'JULY 8, 2021', 'JUNE 25, 2021', 'JUNE 15, 2021', 'MAY 3, 2021', 'MAY 3, 2021', 'APRIL 30, 2021']","['https://rategaincom.wpenginepowered.com/wp-content/uploads/2021/09/How-Can-New-Airlines-Thrive-In-A-Post-Covid-World-.jpg', 'https://rategaincom.wpenginepowered.com/wp-content/uploads/2021/09/How-to-Use-a-Channel-Manager-for-your-Hotel-Operations-if-You-have-Only-15-or-30-Minutes-in-the-Day.jpg', 'https://rategaincom.wpenginepowered.com/wp-content/uploads/2021/09/CarGain-Canvas.jpg', 'https://rategaincom.wpenginepowered.com/wp-content/uploads/2021/07/What-signals-is-the-summer-of-2021-giving-car-rentals.jpg', 'https://rategaincom.wpenginepowered.com/wp-content/uploads/2021/06/Inter-blog-1.jpg', 'https://rategaincom.wpenginepowered.com/wp-content/uploads/2021/06/Unearthing-the-power-and-simplicity-of-bulk-update-and-report-generation-on-AirGain-2.jpeg', 'https://rategaincom.wpenginepowered.com/wp-content/uploads/2021/05/How-to-Capture-Rate-Integrity-Issues-in-the-Most-Simplified-Way-copy-1024x536-1.jpg', 'https://rategaincom.wpenginepowered.com/wp-content/uploads/2021/04/How-to-Capture-Rate-Integrity-Issues-in-the-Most-Simplified-Way-copy-1024x536-1.jpg', 'https://rategaincom.wpenginepowered.com/wp-content/uploads/2021/04/Why-we-data-story.jpg']"
"['Airlines Revenue Management Checklist for 2021', ""Cap on Wedding Guests Might Pinch, But It's a Necessary Evil"", 'We have been Profitable Since Inception: Yogeesh Chandra- Global Head of Corporate Development, RateGain', 'Some Employees are Getting a New Job…At Their Old Job', 'Visioning The Post-COVID Era In Revenue Management', '50% Rise in Bookings Not Enough for India to Catch Up With Global Recovery', 'Tech Skills That can Rebuild the Travel Industry', ""After China can 'Revenge Travel' Happen in India?"", 'Travel & Hospitality Sector Will Take 12-15 Months To Cross Pre-covid Level Hiring Figures: Industry Leaders']","['5', '3', '3', '5', '5', '5', '5', '4', '4']","['APRIL 29, 2021', 'DECEMBER 25, 2020', 'DECEMBER 22, 2020', 'DECEMBER 21, 2020', 'DECEMBER 21, 2020', 'DECEMBER 21, 2020', 'DECEMBER 20, 2020', 'DECEMBER 18, 2020', 'DECEMBER 16, 2020']","['https://rategaincom.wpenginepowered.com/wp-content/uploads/2021/04/The-Revenue-Management-Checklist-for-2021-3.jpg', 'https://rategaincom.wpenginepowered.com/wp-content/uploads/2020/12/Cap-on-wedding-guests-might-pinch-but-its-a-necessary-evil-3.jpg', 'https://rategaincom.wpenginepowered.com/wp-content/uploads/2020/12/We-have-been-profitable-since-inception-3.jpg', 'https://rategaincom.wpenginepowered.com/wp-content/uploads/2020/12/Some-employees-are-getting-a-new-job-1.jpg', 'https://rategaincom.wpenginepowered.com/wp-content/uploads/2020/12/Hospitality-Banner-no-cta.jpg', 'https://rategaincom.wpenginepowered.com/wp-content/uploads/2020/12/New-Deal-Europe-Weekly-Update-on-Tourism-to-the-Balkan-Region-Week-24-1.jpg', 'https://rategaincom.wpenginepowered.com/wp-content/uploads/2020/12/Tech-skills-that-can-rebuild-the-travel-industry-1.jpg', 'https://rategaincom.wpenginepowered.com/wp-content/uploads/2020/12/After-China-can-Revenge-Travel-happen-in-India-1.jpg', 'https://rategaincom.wpenginepowered.com/wp-content/uploads/2020/12/Travel-hospitality-sector-will-take-12-15-months-to-cross-pre-Covid-level-hiring-figures-Industry-leaders-1.jpg']"
"['What Hotels Need to Know About the Staycation Boom', 'Here’s How Hoteliers Can Attract New Travelers in the Post-COVID Era', 'How Airline Revenue Management and Pricing Teams Respond to Revenue Volatility?', 'Revenue Volatility in Airlines is Here to Stay: What can Revenue & Pricing Teams do About it?', 'These New Car Rental Subscription Programs Will Get You There', 'Pardon me, your politics are showing', 'New Deal Europe Weekly Update on Tourism to the Balkan Region, Week 24', 'See the Green Shoots of Recovery with Smart Distribution’s latest addition “Future Demand”', ""Seven Tactics to Keep your Hotel's Distribution Healthy and Highly Profitable""]","['4', '5', '5', '5', '5', '4', '4', '5', '8']","['DECEMBER 16, 2020', 'DECEMBER 16, 2020', 'DECEMBER 15, 2020', 'DECEMBER 15, 2020', 'DECEMBER 15, 2020', 'DECEMBER 12, 2020', 'DECEMBER 12, 2020', 'OCTOBER 21, 2020', 'OCTOBER 7, 2020']","['https://rategaincom.wpenginepowered.com/wp-content/uploads/2020/12/What-Hotels-Need-to-Know-About-the-Staycation-Boom-1.jpg', 'https://rategaincom.wpenginepowered.com/wp-content/uploads/2020/12/Linkedin-no-cta.jpg', 'https://rategaincom.wpenginepowered.com/wp-content/uploads/2020/12/How-airline-revenue-management-and-pricing-teams-respond-to-revenue-volatility-1.jpg', 'https://rategaincom.wpenginepowered.com/wp-content/uploads/2020/12/Revenue-volatility-in-airlines-is-here-to-stay-1.jpg', 'https://rategaincom.wpenginepowered.com/wp-content/uploads/2020/12/These-New-Car-Rental-Subscription-Programs-Will-Get-You-There-2.jpg', 'https://rategaincom.wpenginepowered.com/wp-content/uploads/2020/12/Pardon-me-your-politics-are-showing-1.jpg', 'https://rategaincom.wpenginepowered.com/wp-content/uploads/2020/12/New-Deal-Europe-Weekly-Update-on-Tourism-to-the-Balkan-Region-Week-24-1.jpg', 'https://rategaincom.wpenginepowered.com/wp-content/uploads/2020/10/full-demand-banner-blog-1.jpg', 'https://rategaincom.wpenginepowered.com/wp-content/uploads/2020/10/Seven-Tactics-to-Keep-your-Hotels-Distribution-Healthy-and-Highly-Profitable-1.jpg']"
"['Bespoke Strategies for Opening the Doors to the European Market', 'A New Era of Exploration is Coming to Hoteliers. Stay Tuned!', 'Perspectives with Saurabh Prakash: How Hotels Can Get Digital Right for Recovery', 'Perspectives with Debojo: How Survival Became A Success Metric at SpiceJet', 'Strategies for Hoteliers to Get Back to Business for UK Market', 'Strategies for Hoteliers to Get Back to Business for Europe Market', 'Perspectives #8 with Ajay Bakaya, Managing Director, Sarovar Hotels and Resorts', 'Re-Taking The Skies : What Can Commercial Teams Do To Gear Up For A Full Return Of Airline Travel In The New Normal', 'React to Competitive Prices in Real Time with RateGain’s OPTIMA MarketDrone']","['7', '4', '4', '6', '6', '9', '4', '3', '4']","['AUGUST 25, 2020', 'AUGUST 20, 2020', 'AUGUST 14, 2020', 'JULY 22, 2020', 'JULY 20, 2020', 'JULY 20, 2020', 'JULY 14, 2020', 'JUNE 30, 2020', 'JUNE 15, 2020']","['https://rategaincom.wpenginepowered.com/wp-content/uploads/2020/08/Bespoke-Strategies-for-Opening-the-Doors-to-the-European-Market.jpg', 'https://rategaincom.wpenginepowered.com/wp-content/uploads/2020/08/A-New-Era-of-Exploration-is-Coming-to-Hoteliers.-Stay-Tuned.jpg', 'https://rategaincom.wpenginepowered.com/wp-content/uploads/2020/08/millienium-1.jpg', 'https://rategaincom.wpenginepowered.com/wp-content/uploads/2020/07/Spice-Blog-Blog.jpg', 'https://rategaincom.wpenginepowered.com/wp-content/uploads/2020/07/UK-Blog-Banner-1.jpg', 'https://rategaincom.wpenginepowered.com/wp-content/uploads/2020/07/Blog-Banner-EU-1.jpg', 'https://rategaincom.wpenginepowered.com/wp-content/uploads/2020/07/Perspectives-8-with-Ajay-Bakaya-Managing-Director-Sarovar-Hotels-and-Resorts.jpg', 'https://rategaincom.wpenginepowered.com/wp-content/uploads/2020/06/Global-Aviation-Banner.jpg', 'https://rategaincom.wpenginepowered.com/wp-content/uploads/2020/06/React-to-Competitive-Prices-in-Real-Time-with-RG.jpg']"
"['Watch Your Language! Content in the New Hospitality Landscape', 'Keeping Lights on During the Current COVID Crisis!', 'Hoteliers, Spot New Markets to Create New Revenues in a Post-COVID 19 World', 'Social Media During COVID-19: Tourism Brands That Got It Right', 'We Are Bracing Ourselves: Are You?', 'How to Capture Rate Integrity Issues in the Most Simplified Way', 'Top 3 Rate Disparity Cases Acceptable to a Revenue Manager', 'Rate Integrity: A Brand New Way of Increasing Direct Bookings', 'Why Choose Rate Intelligence Over Rate Shopping?']","['4', '4', '11', '8', '12', '10', '13', '8', '11']","['JUNE 2, 2020', 'MAY 5, 2020', 'APRIL 23, 2020', 'APRIL 21, 2020', 'MARCH 20, 2020', 'MARCH 11, 2020', 'MARCH 4, 2020', 'FEBRUARY 27, 2020', 'FEBRUARY 19, 2020']","['https://rategaincom.wpenginepowered.com/wp-content/uploads/2020/06/Hospitality-net-banner.jpg', 'https://rategaincom.wpenginepowered.com/wp-content/uploads/2020/05/Keeping-Lights-On-During-CoronaVirus-Crisis.jpg', 'https://rategaincom.wpenginepowered.com/wp-content/uploads/2020/04/distribution-blog-1200x628-2-1.jpg', 'https://rategaincom.wpenginepowered.com/wp-content/uploads/2020/04/Social-Media-During-COVID-19-Tourism-Brands-That-Got-It-Right.jpg', 'https://rategaincom.wpenginepowered.com/wp-content/uploads/2020/03/Covid-Blog.jpg', 'https://rategaincom.wpenginepowered.com/wp-content/uploads/2020/02/How-to-Capture-Rate-Integrity-Issues-in-the-Most-Simplified-Way-copy-1024x536-1.jpg', 'https://rategaincom.wpenginepowered.com/wp-content/uploads/2020/02/accpteable.jpg', 'https://rategaincom.wpenginepowered.com/wp-content/uploads/2020/02/Rate-Integrity-A-Brand-New-Way-of-Increasing-Direct-Bookings-.jpg', 'https://rategaincom.wpenginepowered.com/wp-content/uploads/2020/02/Why-Choose-Rate-Intelligence-Over-Rate-Shopping-1.jpg']"
"['Why a Rate Intelligence Experience Should Have the Best Art & Science Behind it', 'Our Point of View on the Modern Age Distribution Ecosystem', 'Are You Leading A Future-Ready HR?', '5 Ways to Ace Hospitality Marketing in 2020', 'Why UX is Instrumental for Revenue Management', 'Visualizing Data Like a Pro: The Key to Unlock the Data Gold Mine', 'Smart Shopping for Data: Driving Analytics Excellence in the Airlines Industry', 'Mr. Hotelier, Four Signs It is Time to Change your Distribution Partner', 'Adopting SCRUM in the Organization’s People Processes']","['11', '6', '7', '5', '16', '13', '5', '5', '3']","['FEBRUARY 5, 2020', 'JANUARY 31, 2020', 'JANUARY 29, 2020', 'JANUARY 20, 2020', 'JANUARY 14, 2020', 'DECEMBER 17, 2019', 'DECEMBER 4, 2019', 'NOVEMBER 29, 2019', 'NOVEMBER 22, 2019']","['https://rategaincom.wpenginepowered.com/wp-content/uploads/2020/02/Why-a-Rate-Intelligence-Experience-Should-Have-the-Best-Art-Science-Behind-it-v2-copy-1.jpg', 'https://rategaincom.wpenginepowered.com/wp-content/uploads/2020/01/Distribution-blog-banner.jpg', 'https://rategaincom.wpenginepowered.com/wp-content/uploads/2020/01/HR-blog.jpg', 'https://rategaincom.wpenginepowered.com/wp-content/uploads/2020/01/5-Ways-to-Ace-Hospitality-Marketing-in-2020.jpg', 'https://rategaincom.wpenginepowered.com/wp-content/uploads/2020/01/RateGain-Leveraging-UI-to-Create-Value_Blog.jpg', 'https://rategaincom.wpenginepowered.com/wp-content/uploads/2019/12/Visualizing-Data-Like-a-Pro-The-Key-to-Unlock-the-Data-Gold-Mine.jpg', 'https://rategaincom.wpenginepowered.com/wp-content/uploads/2019/12/Smart-Shopping-for-Data-Blog.jpg', 'https://rategaincom.wpenginepowered.com/wp-content/uploads/2019/11/Four-Signs-It-is-Time-to-Change-your-Distribution-Partner-5.jpg', 'https://rategaincom.wpenginepowered.com/wp-content/uploads/2019/11/Navigating-Constant-Consolidation-banner.jpg']"
"['How to Deliver Value In The Era Of Hospitality Industry Consolidation?', 'What will define Long Term Success for Airlines', 'Challenges for Airline Revenue Managers Beyond 2020', 'Navigating Constant Consolidation', 'Our point of view on Distribution Journey', 'Putting User Experience at the center of a new problem', 'The Last Distribution Challenge', 'Can Car Rental analytics help make better investment decisions?', 'Top 3 considerations for blueprinting your content transformation']","['4', '8', '9', '8', '8', '10', '2', '8', '7']","['NOVEMBER 19, 2019', 'NOVEMBER 11, 2019', 'OCTOBER 23, 2019', 'OCTOBER 21, 2019', 'OCTOBER 17, 2019', 'OCTOBER 15, 2019', 'OCTOBER 15, 2019', 'OCTOBER 4, 2019', 'SEPTEMBER 21, 2019']","['https://rategaincom.wpenginepowered.com/wp-content/uploads/2019/11/Navigating-Constant-Consolidation-banner.jpg', 'https://rategaincom.wpenginepowered.com/wp-content/uploads/2019/11/airline.jpg', 'https://rategaincom.wpenginepowered.com/wp-content/uploads/2019/10/Airline-Revenue-Manager-PR-2.jpg', 'https://rategaincom.wpenginepowered.com/wp-content/uploads/2019/10/Airline-Revenue-Manager-Blog.jpg', 'https://rategaincom.wpenginepowered.com/wp-content/uploads/2019/10/Distribution-blog-banner.jpg', 'https://rategaincom.wpenginepowered.com/wp-content/uploads/2019/10/ui-banner-1.jpg', 'https://rategaincom.wpenginepowered.com/wp-content/uploads/2019/10/Re-Configuring-The-Distribution-Models-For-The-Next-Gen-Distribution-Ecosystem.jpg', 'https://rategaincom.wpenginepowered.com/wp-content/uploads/2019/09/Can-Car-Rental-analytics-help-make-better-investment-decisions-2.jpg', 'https://rategaincom.wpenginepowered.com/wp-content/uploads/2019/09/blog-post.jpg']"
"['The Path to A Shared Future: Can car rentals help in turning around the industry slowdown ?', 'Delivering Duty of Care in the Age of Corporate Rogue Travel', 'Who is winning the experience game in travel and hospitality?', 'Airlines: Soaring on Ancillary Revenue', 'Transaction Tracking and Analytics: Steering Car Rental', 'Enhancing Car Rental Revenue Management with AI-driven Dynamic Pricing', 'Busting a billion-dollar digital myth for cruise lines!', 'The future of distribution strategy at your doorstep', '‘A Thousand Words’: Why Great Visuals Speak Directly, Fluently and Effortlessly']","['7', '5', '2', '5', '5', '5', '6', '4', '4']","['SEPTEMBER 11, 2019', 'AUGUST 21, 2019', 'JULY 22, 2019', 'JULY 18, 2019', 'JUNE 24, 2019', 'JUNE 24, 2019', 'FEBRUARY 8, 2019', 'SEPTEMBER 24, 2018', 'AUGUST 27, 2018']","['https://rategaincom.wpenginepowered.com/wp-content/uploads/2019/09/cargain.jpg', 'https://rategaincom.wpenginepowered.com/wp-content/uploads/2019/08/Delivering-Duty-of-Care-in-the-Age-of-Corporate-Rogue-Travel.jpg', 'https://rategaincom.wpenginepowered.com/wp-content/uploads/2019/07/Who-is-winning-the-experience-game-in-travel-and-hospitality-1.jpg', 'https://rategaincom.wpenginepowered.com/wp-content/uploads/2019/07/Airlines-Soaring-on-Ancillary-Revenue.jpg', 'https://rategaincom.wpenginepowered.com/wp-content/uploads/2019/06/car.jpg', 'https://rategaincom.wpenginepowered.com/wp-content/uploads/2019/06/car1.jpg', 'https://rategaincom.wpenginepowered.com/wp-content/uploads/2019/04/Cruise-Image-1218x609.jpg', 'https://rategaincom.wpenginepowered.com/wp-content/uploads/2019/04/Dss-Blog-1200x600.jpg', 'https://rategaincom.wpenginepowered.com/wp-content/uploads/2019/04/2-brandgain-1200x600.jpg']"
"['New Age Data is Driving Growth for Travel Package Providers', 'Tackling content issues head-on', '7 Top Trends In Hotel Distribution Today', 'HRS Selects RateGain as its Channel Management Partner for their newest connectivity platform', 'Code Itineraries: A road map for the travel industry to unlock one trillion dollars in value by 2025', ""5 Ways to Improve Your Hotel's Visibility within Search Engines"", 'Hitting a home run in automation tools', 'Tapping the world’s no. 1 outbound travel market', ""It's 100% pure adrenaline! Introducing Distribution Strategy Studio""]","['3', '4', '3', '3', '3', '3', '3', '3', '3']","['AUGUST 24, 2018', 'JULY 16, 2018', 'JULY 13, 2018', 'MAY 4, 2018', 'APRIL 11, 2018', 'APRIL 9, 2018', 'APRIL 3, 2018', 'JANUARY 22, 2018', 'JANUARY 11, 2018']","['https://rategaincom.wpenginepowered.com/wp-content/uploads/2019/04/1-packages-1200x600.jpg', 'https://rategaincom.wpenginepowered.com/wp-content/uploads/2019/04/Distribution-900x450.jpg', 'https://rategaincom.wpenginepowered.com/wp-content/uploads/2019/04/Retagain_HRS-1-764x382.jpg', 'https://rategaincom.wpenginepowered.com/wp-content/uploads/2019/04/code_itinerary1-534x267.jpg', 'https://rategaincom.wpenginepowered.com/wp-content/uploads/2019/04/SEO_HOTEL-1-650x325.png', 'https://rategaincom.wpenginepowered.com/wp-content/uploads/2019/04/madrid-TT-hres-2011_8-xlarge-1280x640.jpg']"
"['Your Hotel Reputation Matters to Your Revenue', 'Hoteliers, Take a Re-look at Parity and Prevent Revenue Leakages', 'Assessing the boom in travel startups', 'Building the Perfect Revenue Strategy Is Not Enough; Advanced Hotel Revenue Management Tool is a Must!', 'Travel Industry is Already Using Geo-based Competitive Price Tracking; Act Now Before Its Too Late', 'We Bet You Will Not Want to Miss The Benefits of a Comprehensive Hotel Price Intelligence Solution!', 'Sharing economy blurring the lines in hospitality', 'Tracking Mobile App Rates of Your Competition is a MUST for Your Price Strategy!', 'Will Artificial Intelligence Replace Human Intelligence in Revenue Management and Pricing Analysis?']","['4', '3', '4', '3', '4', '4', '4', '3', '3']","['DECEMBER 11, 2017', 'NOVEMBER 23, 2017', 'NOVEMBER 21, 2017', 'NOVEMBER 13, 2017', 'NOVEMBER 3, 2017', 'OCTOBER 25, 2017', 'OCTOBER 23, 2017', 'OCTOBER 11, 2017', 'SEPTEMBER 29, 2017']","['https://rategaincom.wpenginepowered.com/wp-content/uploads/2019/04/bigstock-Reputation-Management-147765833-2800x1400-scaled.jpg', 'https://rategaincom.wpenginepowered.com/wp-content/uploads/2019/04/revenu_leakage_banner_mail1-754x377.jpg', 'https://rategaincom.wpenginepowered.com/wp-content/uploads/2019/04/bigstock-Increase-Sales-Revenue-66983953-765x382-764x382.jpg', 'https://rategaincom.wpenginepowered.com/wp-content/uploads/2019/04/Geo-pricing-764x382.png', 'https://rategaincom.wpenginepowered.com/wp-content/uploads/2019/04/pricing-764x382.jpg', 'https://rategaincom.wpenginepowered.com/wp-content/uploads/2019/04/bigstock-202739491-2800x1400-scaled.jpg', 'https://rategaincom.wpenginepowered.com/wp-content/uploads/2019/04/Artificial_Intelligence-764x382.jpg']"
"['It’s time to reexamine the data structure behind hotel distribution', '7 Fundamental Hotel Marketing Strategies To Stand Out From Your Competition', 'Design an Effective Hotel Guest Loyalty Program to Increase Hotel Bookings and Revenue', 'Yield Management in Hospitality - Important for Efficient Revenue Management Strategy', 'What Makes Your Guests The Promoters of Your Brand?', 'Tapping the potential of IoT', 'The Role and Future of Technology in Travel Industry', 'New Consumer Review Dashboard For Hotels', 'Measuring Demand in Your City will Skyrocket your Revenue - Here is How!']","['2', '4', '4', '3', '3', '3', '3', '3', '3']","['SEPTEMBER 25, 2017', 'SEPTEMBER 21, 2017', 'SEPTEMBER 18, 2017', 'SEPTEMBER 14, 2017', 'SEPTEMBER 7, 2017', 'AUGUST 29, 2017', 'AUGUST 28, 2017', 'AUGUST 21, 2017', 'AUGUST 21, 2017']","['https://rategaincom.wpenginepowered.com/wp-content/uploads/2017/09/bigstock-Digital-Marketing-New-Startup-190890487-2800x1400-1.jpg', 'https://rategaincom.wpenginepowered.com/wp-content/uploads/2019/04/bigstock-Loyalty-Program-145042721-2800x1400-scaled.jpg', 'https://rategaincom.wpenginepowered.com/wp-content/uploads/2019/04/bigstock-192270436-2800x1400-scaled.jpg', 'https://rategaincom.wpenginepowered.com/wp-content/uploads/2019/04/bigstock-193620838-3000x1500-scaled.jpg', 'https://rategaincom.wpenginepowered.com/wp-content/uploads/2019/04/Social-media-travel-industry-300x207-1-1100x759-1-570x285.jpg', 'https://rategaincom.wpenginepowered.com/wp-content/uploads/2019/04/BG_blog_banner2-764x382-764x382.jpg', 'https://rategaincom.wpenginepowered.com/wp-content/uploads/2019/04/hotelier-demand-forecasting-762x381-1.jpg']"
"['7 Best Methods to Gather Quality Guest Feedback', 'The Brilliant Hotelier: Face To Face With Panayiotis Kyprianou From Thanos Resorts & Spas, Cyprus', 'Monitoring Hundreds of Booking Sites - No Longer a Challenging Task for Hoteliers', 'Hotels, Utilize Closed User Group (CUG) Customers to Increase Revenue Through Direct Bookings', 'Create a Revenue Centric Culture in your Hotel by Integrating Technology', 'Despite the best efforts of hotel brands, travelers still love to click around', 'Hoteliers, Are You Using Mobile to Support Your Online Reputation Management?', '7 Practical tips to improve online reviews of your hotel', '14 Features to Consider Before Your Hotel Decides to Devote In a Channel Manager']","['2', '4', '3', '4', '4', '4', '4', '4', '4']","['AUGUST 16, 2017', 'AUGUST 14, 2017', 'AUGUST 10, 2017', 'AUGUST 8, 2017', 'AUGUST 2, 2017', 'AUGUST 1, 2017', 'JULY 31, 2017', 'JULY 25, 2017', 'JULY 24, 2017']","['https://rategaincom.wpenginepowered.com/wp-content/uploads/2019/04/bigstock-Business-Man-Select-Happy-156570752-2800x1400-scaled.jpg', 'https://rategaincom.wpenginepowered.com/wp-content/uploads/2019/04/G8H6842-1-4896x2448-scaled.jpg', 'https://rategaincom.wpenginepowered.com/wp-content/uploads/2017/08/bigstock-Support-Help-Unity-Togethernes-118375838-2800x1400-1.jpg', 'https://rategaincom.wpenginepowered.com/wp-content/uploads/2019/04/bigstock-Teamwork-And-Integration-Conce-66966004-2800x1400-scaled.jpg', 'https://rategaincom.wpenginepowered.com/wp-content/uploads/2019/04/bigstock-Reputation-Popular-Ranking-Hon-184164262-3596x1798-scaled.jpg', 'https://rategaincom.wpenginepowered.com/wp-content/uploads/2019/04/bigstock-Online-Reviews-Evaluation-Time-185136694-2800x1400-scaled.jpg', 'https://rategaincom.wpenginepowered.com/wp-content/uploads/2016/03/Channel-Management-Features-to-Choose-the-Right-Hotel-Channel-Manager.webp']"
"['Managing Hotel Guest Sentiment and Online Presence to Create Revenue Centric Culture', 'Hoteliers, You Need a Channel Manager with an Edge to Stand out from Competition', 'Blockchain and its potential to upend the travel industry', 'Hoteliers, Learn How to Create A Revenue Centric Culture in Your Hotel', 'Hoteliers, Learn About The Growing Importance of Hotel Online Reputation Management', 'How to Make Restaurant’s Online Reputation a Secret Sauce in Enhancing your Hotel Brand?', 'Engaging Travelers Through Social Media Can Reap Umpteen Benefits for Hotels', 'Approach For A Balanced Hotel Distribution Strategy - Learn Why Hotels Should Adopt It', '9 Tips to Build a Hotel’s Facebook Strategy & Improve Guest Experience']","['4', '3', '3', '4', '4', '4', '4', '2', '3']","['JULY 19, 2017', 'JULY 18, 2017', 'JULY 17, 2017', 'JULY 10, 2017', 'JULY 4, 2017', 'JUNE 28, 2017', 'JUNE 19, 2017', 'JUNE 14, 2017', 'JUNE 6, 2017']","['https://rategaincom.wpenginepowered.com/wp-content/uploads/2019/04/bigstock-Business-Man-Select-Happy-156570752-2800x1400-scaled.jpg', 'https://rategaincom.wpenginepowered.com/wp-content/uploads/2019/04/Distribution-900x450.jpg', 'https://rategaincom.wpenginepowered.com/wp-content/uploads/2019/04/bigstock-Increase-Sales-Revenue-66983953-765x382-764x382-1.jpg', 'https://rategaincom.wpenginepowered.com/wp-content/uploads/2019/04/bigstock-Reputation-Management-145495634-2800x1400-scaled.jpg', 'https://rategaincom.wpenginepowered.com/wp-content/uploads/2019/04/restaurant_online_repuptation2-870x435.jpg', 'https://rategaincom.wpenginepowered.com/wp-content/uploads/2019/04/hotel-social-media-960x480.jpg', 'https://rategaincom.wpenginepowered.com/wp-content/uploads/2019/04/channelmanager-1094x547.png', 'https://rategaincom.wpenginepowered.com/wp-content/uploads/2019/04/facebook_bannerImg-764x382.jpg']"
"['Top Trends: Millennial Travelers & the Hospitality Sector', 'Evolving Role Of Hotel Revenue Manager - Part 4', 'The Evolving Role of Revenue Managers - Part 3', 'Good translation key to staying in global marketplace', 'The Evolving Role Of Hotel Revenue Managers – Part 2', 'How Your Hotel distribution & Online Reputation Strategy is key to RevPAR Management', 'The Evolving Role of Hotel Revenue Managers - Part 1', '5 Effective Ways Hotels Could Conduct Guest Surveys and Loyalty Programs', 'Hoteliers, Are Vacation Rentals Eating Your Lunch?']","['3', '2', '3', '3', '3', '3', '3', '3', '3']","['MAY 30, 2017', 'MAY 26, 2017', 'MAY 24, 2017', 'MAY 24, 2017', 'MAY 17, 2017', 'MAY 15, 2017', 'MAY 10, 2017', 'MAY 2, 2017', 'APRIL 26, 2017']","['https://rategaincom.wpenginepowered.com/wp-content/uploads/2019/04/4FA1CA06CC244CDA241A54F378ACCCBFD4056C5D0D5865A59Fpimgpsh_fullsize_distr-764x382.jpg', 'https://rategaincom.wpenginepowered.com/wp-content/uploads/2019/04/blog_img-764x382.jpg', 'https://rategaincom.wpenginepowered.com/wp-content/uploads/2019/04/bigstock-Competitive-Edge-119382113-2800x1400-scaled.jpg', 'https://rategaincom.wpenginepowered.com/wp-content/uploads/2019/04/bigstock-165382157-2800x1400-scaled.jpg', 'https://rategaincom.wpenginepowered.com/wp-content/uploads/2019/04/bigstock-184358374-3000x1500-scaled.jpg', 'https://rategaincom.wpenginepowered.com/wp-content/uploads/2019/04/bigstock-Finance-Report-Concept-Flat-S-124822064-3000x1500-scaled.jpg', 'https://rategaincom.wpenginepowered.com/wp-content/uploads/2019/04/bigstock-Business-Man-Select-Happy-156570752-2800x1400-scaled.jpg', 'https://rategaincom.wpenginepowered.com/wp-content/uploads/2017/04/vacation-rental_airbnb-1428x714-1024x512-1.jpg']"
"['Abbreviations are not a content strategy', 'The Future of Hotel Revenue Management – BOTs or Humans?', 'Hoteliers, Learn How to Overcome the Challenges in Online Reputation Management', 'Managing Seasonal Market Changes to Ensure your Hotel Stays on Top - Part 4', 'Managing Seasonal Market Changes to Ensure your Hotel Stays on Top - Part 3', 'Managing Seasonal Market Changes to Ensure your Hotel Stays on Top - Part 2', 'Solving the hospitality industry’s ‘content conundrum’', 'Managing Seasonal Market Changes to Ensure your Hotel Stays on Top - Part 1', 'Hoteliers, Beat the Competition and Be The Market Leaders By Adopting Automation']","['3', '3', '3', '4', '3', '4', '2', '3', '2']","['APRIL 24, 2017', 'APRIL 18, 2017', 'APRIL 14, 2017', 'APRIL 13, 2017', 'APRIL 11, 2017', 'APRIL 7, 2017', 'APRIL 3, 2017', 'APRIL 3, 2017', 'MARCH 27, 2017']","['https://rategaincom.wpenginepowered.com/wp-content/uploads/2019/04/artificial-intelligence-risk-reward-now-labs-2088x1044.jpg', 'https://rategaincom.wpenginepowered.com/wp-content/uploads/2019/04/bigstock-Business-Or-Marketing-Concept-181728700-1-617x308.jpg', 'https://rategaincom.wpenginepowered.com/wp-content/uploads/2019/04/Seasonality-356x178.png', 'https://rategaincom.wpenginepowered.com/wp-content/uploads/2019/04/bigstock-Competitive-Advantage-Concept-118415714-2750x1375-scaled.jpg', 'https://rategaincom.wpenginepowered.com/wp-content/uploads/2019/04/bigstock-Businessman-Hand-Drawing-Sales-118618487-3800x1900-scaled.jpg', 'https://rategaincom.wpenginepowered.com/wp-content/uploads/2019/04/bigstock-153294449-3000x1500-scaled.jpg', 'https://rategaincom.wpenginepowered.com/wp-content/uploads/2019/04/automation-764x382-764x382.jpg']"
"['How Can Hotels Use Google to Maximise their Online Presence?', 'Revenue Management & Marketing Automation can Help Independent Hotels Stay Ahead', 'Big Data Challenge', 'Hoteliers, Design Your Revenue Management Strategy in Pre-Opening Stage', 'Hoteliers, Keep a Track of Events and Holidays To Increase your Revenue Many Folds', '3 Effective Hotel Pricing Strategy Can Boost Your Hotel Revenue', ""How to Manage Hotel's Online Reviews & Guest Experience"", 'Why Should Hotels Pay Special Attention to Demand Forecasting?', 'The Brilliant Hotelier: Face to face with Deanna Jayasundera from Theme Resorts and Spas, Sri Lanka']","['2', '4', '4', '4', '3', '5', '3', '3', '3']","['MARCH 17, 2017', 'MARCH 14, 2017', 'MARCH 8, 2017', 'MARCH 2, 2017', 'FEBRUARY 20, 2017', 'FEBRUARY 13, 2017', 'FEBRUARY 2, 2017', 'JANUARY 25, 2017', 'JANUARY 16, 2017']","['https://rategaincom.wpenginepowered.com/wp-content/uploads/2019/04/google_banner_img-764x382.jpg', 'https://rategaincom.wpenginepowered.com/wp-content/uploads/2019/04/bigstock-Action-Plan-Action-Plan-Str-159437243-2800x1400-scaled.jpg', 'https://rategaincom.wpenginepowered.com/wp-content/uploads/2019/04/bigstock-133294829-2800x1400-scaled.jpg', 'https://rategaincom.wpenginepowered.com/wp-content/uploads/2019/04/bigstock-Calendar-Note-Schedule-Memo-Ma-148425554-2800x1400-scaled.jpg', 'https://rategaincom.wpenginepowered.com/wp-content/uploads/2019/04/bigstock-Pricing-Strategy-141013019-2800x1400-scaled.jpg', 'https://rategaincom.wpenginepowered.com/wp-content/uploads/2019/04/hotel-reviews-760x380.jpg', 'https://rategaincom.wpenginepowered.com/wp-content/uploads/2019/04/hotelier-demand-forecasting-762x381.jpg']"
"['RateGain’s Top 12 Blogs of 2016', 'Managing Real-Time Room Inventories Across Multiple OTAs', 'The Brilliant Hotelier: Face 2 Face with Ria Roberto, the Director of Revenue Management at Kenz Hotel Management, UAE', 'Be the Revenue Management Hero of your Hotel', 'Hotels, Let’s Go Direct!', 'Tips to Build Customer Loyalty for Your Restaurant', 'Systems Reliability, A Necessity for Hotel Operations: Part 2', 'Is Your Hotel United by Goals but Divided by Systems?', 'The Brilliant Hotelier: Face 2 Face with I Nyoman Astama, General Manager of the Bali Niksoma Boutique Beach Resort']","['4', '2', '2', '4', '4', '4', '4', '4', '4']","['JANUARY 3, 2017', 'DECEMBER 27, 2016', 'DECEMBER 19, 2016', 'NOVEMBER 28, 2016', 'NOVEMBER 23, 2016', 'NOVEMBER 21, 2016', 'NOVEMBER 18, 2016', 'NOVEMBER 16, 2016', 'NOVEMBER 15, 2016']","['https://rategaincom.wpenginepowered.com/wp-content/uploads/2019/04/Final-White-3-800x400.png', 'https://rategaincom.wpenginepowered.com/wp-content/uploads/2019/04/otas-versus-branddotcom-1740x870.png', 'https://rategaincom.wpenginepowered.com/wp-content/uploads/2019/04/al-manzel-3-1024x763-1024x512.jpg', 'https://rategaincom.wpenginepowered.com/wp-content/uploads/2019/04/rev_hero_img-472x236.jpg', 'https://rategaincom.wpenginepowered.com/wp-content/uploads/2019/04/restaurant-948x474.jpg', 'https://rategaincom.wpenginepowered.com/wp-content/uploads/2019/04/bigstock-Summer-Vacation-And-Online-Boo-98043824-1-300x141-282x141.jpg', 'https://rategaincom.wpenginepowered.com/wp-content/uploads/2019/04/sdf-740x370.jpg', 'https://rategaincom.wpenginepowered.com/wp-content/uploads/2019/04/bali-niksoma2-1024x544-1024x512.jpg']"
"['Systems Reliability, A Necessity for Hotel Operations: Part 1', ""Is your Hotel Website Ready for Google's Latest Mobile Updates"", 'Optimize Your Hotel’s SEO and Mobile Strategy', 'The Brilliant Hotelier: Face 2 Face with Stavros Drakou, Director at Cyprotels Hotels and Resorts, Cyprus', 'What’s spookier than Halloween for Hoteliers?', 'Tapping the phenomenal potential of the Asia Pacific region', 'The Brilliant Hotelier: Face 2 Face with Trisna Widia, Marketing & E-Commerce Manager, Prime Plaza Hotels and Resorts, Indonesia', 'How to Increase Hotel Direct Bookings? Don’t Ignore the Role of a Booking Engine', 'Weary of Disruption? 5 Simple Steps to Disrupt the Disruptions in the Rapidly Changing Hospitality Industry']","['3', '3', '4', '1', '2', '2', '2', '2', '2']","['NOVEMBER 11, 2016', 'NOVEMBER 8, 2016', 'NOVEMBER 3, 2016', 'NOVEMBER 2, 2016', 'OCTOBER 26, 2016', 'OCTOBER 10, 2016', 'OCTOBER 6, 2016', 'SEPTEMBER 26, 2016', 'SEPTEMBER 21, 2016']","['https://rategaincom.wpenginepowered.com/wp-content/uploads/2019/04/Novotel_Muenchen_M_3050027c-460x230.jpg', 'https://rategaincom.wpenginepowered.com/wp-content/uploads/2019/04/Google-update-mobile-friendly-850x425.png', 'https://rategaincom.wpenginepowered.com/wp-content/uploads/2019/04/bigstock-130275857-900x450.jpg', 'https://rategaincom.wpenginepowered.com/wp-content/uploads/2019/04/cypro-900x450.png', 'https://rategaincom.wpenginepowered.com/wp-content/uploads/2019/04/pumpkins-3-849x424.jpg', 'https://rategaincom.wpenginepowered.com/wp-content/uploads/2019/04/PPHotels-768x1024-768x384.jpg', 'https://rategaincom.wpenginepowered.com/wp-content/uploads/2019/04/drive-direct-bookings-1024x512-1024x512.jpg', 'https://rategaincom.wpenginepowered.com/wp-content/uploads/2019/04/Disruption3-420x210.jpg']"
"['Disruption in the Hotel Industry and Changing Face of the Global Travel Market', 'The Brilliant Hotelier: Tête-à-Tête with Richard Lewis, the CEO of Landmark Hotels, Dubai', 'The fast-changing world of hospitality distribution', 'Hotels, Are You Prepared for Digital Detox Travelers?', 'The Brilliant Hotelier: Face 2 Face with the Revenue Director at J5 Rimal Hotel Apartments, Dubai', 'How Hotels of Tomorrow are Improving Guest Experience with Technology?', 'Sharing economy and alternative lodging offer great opportunities', 'How can Hotels Generate More Revenue from Customer Loyalty - Part II', 'How can Hotels Generate More Revenue from Customer Loyalty - Part I']","['2', '3', '3', '4', '4', '4', '4', '3', '3']","['SEPTEMBER 16, 2016', 'SEPTEMBER 15, 2016', 'SEPTEMBER 12, 2016', 'SEPTEMBER 6, 2016', 'SEPTEMBER 2, 2016', 'SEPTEMBER 1, 2016', 'AUGUST 29, 2016', 'AUGUST 25, 2016', 'AUGUST 19, 2016']","['https://rategaincom.wpenginepowered.com/wp-content/uploads/2019/04/fdg-440x220.jpg', 'https://rategaincom.wpenginepowered.com/wp-content/uploads/2019/04/df-1430x715.jpg', 'https://rategaincom.wpenginepowered.com/wp-content/uploads/2019/04/No-wifi-image-568x284.jpg', 'https://rategaincom.wpenginepowered.com/wp-content/uploads/2019/04/J5-Rimal-900x450.jpg', 'https://rategaincom.wpenginepowered.com/wp-content/uploads/2019/04/fg-584x292.jpg', 'https://rategaincom.wpenginepowered.com/wp-content/uploads/2019/04/make-hotel-revenue-customer-loyalty-1430x715.jpg', 'https://rategaincom.wpenginepowered.com/wp-content/uploads/2019/04/expert-1718x859.jpg']"
"['Travel agents: a re-emerging force in hospitality distribution', '5 Things About Hotel Revenue Management Your Boss Wants to Know – Part II', 'Pikachu Conjures his Pokemon Friends for Increasing Hotel Revenues', ""The sensible economics of 'one to many'"", '5 Things About Hotel Revenue Management Your Boss Wants to Know - Part I', 'Hotels, Improve your Online Distribution Strategy with Six Simple Tips', 'How to Ensure the Demand Generated is Translated into Increased Revenues?', 'Brexit: The Impact on Travel and Tourism Industry, Now and Later', 'Create a new chapter in the relationship between Your Hotel & Guests with Chat Tools']","['3', '2', '3', '3', '3', '3', '3', '3', '3']","['AUGUST 15, 2016', 'JULY 28, 2016', 'JULY 26, 2016', 'JULY 26, 2016', 'JULY 22, 2016', 'JULY 12, 2016', 'JULY 11, 2016', 'JUNE 27, 2016', 'JUNE 21, 2016']","['https://rategaincom.wpenginepowered.com/wp-content/uploads/2019/04/blog-900x450.jpg', 'https://rategaincom.wpenginepowered.com/wp-content/uploads/2019/04/bigstock-Increase-Sales-Revenue-66983953-765x382-764x382-1.jpg', 'https://rategaincom.wpenginepowered.com/wp-content/uploads/2019/04/channelmanager-1094x547.png', 'https://rategaincom.wpenginepowered.com/wp-content/uploads/2019/04/hotel-revenue-management-system-900x450.jpg', 'https://rategaincom.wpenginepowered.com/wp-content/uploads/2019/04/Brexit-900x450.jpg', 'https://rategaincom.wpenginepowered.com/wp-content/uploads/2019/04/guest-satisfaction-900x450.jpg']"
"['Effective Ways to Measure & Generate Demand – Part V', 'Effective Ways to Measure & Generate Demand – Part IV', 'Effective Ways to Measure & Generate Demand - Part II', 'Effective Ways to Measure & Generate Demand – Part III', 'Effective Ways to Measure and Generate Demand - Part I', '8 Top Tips to Choose the Right Hotel Channel Manager', 'Comparing and Contrasting Industry Problems with Revenue Optimisation', 'Making Cents of RevGain: An Interview With the Revenue Manager at St. George Lycabettus Hotel, Greece', 'Tapping the potential of emerging markets']","['2', '2', '3', '4', '4', '4', '4', '5', '4']","['JUNE 19, 2016', 'JUNE 17, 2016', 'JUNE 15, 2016', 'JUNE 15, 2016', 'MAY 17, 2016', 'MAY 3, 2016', 'APRIL 27, 2016', 'APRIL 20, 2016', 'APRIL 19, 2016']","['https://rategaincom.wpenginepowered.com/wp-content/uploads/2019/04/Online-Guest-Reviews-hotels-900x450.jpg', 'https://rategaincom.wpenginepowered.com/wp-content/uploads/2019/04/hotel-demand-900x450.jpg', 'https://rategaincom.wpenginepowered.com/wp-content/uploads/2019/04/Way-connection-or-Common-Pool-Inventory-963x481.png', 'https://rategaincom.wpenginepowered.com/wp-content/uploads/2019/04/rate-intelligence-900x450.jpg', 'https://rategaincom.wpenginepowered.com/wp-content/uploads/2016/03/Channel-Management-Top-Tips-to-Choose-the-Right-Hotel-Channel-Manager.webp', 'https://rategaincom.wpenginepowered.com/wp-content/uploads/2019/04/Rev1-699x349.jpg']"
"['Unity for Revenue Management: An Interview With the Revenue Analyst at The Manila Hotel, Philippines', 'How to Choose the Right Rate Optimisation Tool for Your Hotel?', 'New partnerships underscore benefits of DHISCO’s ‘direct-to-many’ solutions', 'Airbnb: An Alternate Lodging Threat to Hotels?', '21 Points to Consider while Buying a Rate Shopping Tool for Your Hotel', 'Did You Know? It’s critical to Push Rates along with Occupancy', 'Hotel Demand Forecasting: Top 3 Ways Hoteliers Can Leverage this Strategic Management Tool', '7 Quick Tips For Your Hotel Pre-Opening In 2017', 'Zika virus outbreak: Is tourism industry in Central and South America on risk?']","['5', '5', '3', '4', '4', '4', '4', '4', '4']","['APRIL 14, 2016', 'APRIL 6, 2016', 'APRIL 4, 2016', 'MARCH 21, 2016', 'MARCH 9, 2016', 'FEBRUARY 19, 2016', 'FEBRUARY 12, 2016', 'FEBRUARY 12, 2016', 'FEBRUARY 8, 2016']","['https://rategaincom.wpenginepowered.com/wp-content/uploads/2019/04/Louie-Reyes.jpg', 'https://rategaincom.wpenginepowered.com/wp-content/uploads/2019/04/rate-900x450.jpg', 'https://rategaincom.wpenginepowered.com/wp-content/uploads/2019/04/london-e2-678x339.jpg', 'https://rategaincom.wpenginepowered.com/wp-content/uploads/2019/04/shutterstock_828033041-300x150.jpg', 'https://rategaincom.wpenginepowered.com/wp-content/uploads/2019/04/room-forecasting-1216x608.jpg', 'https://rategaincom.wpenginepowered.com/wp-content/uploads/2019/04/dfs-1024x683-1024x512.jpg', 'https://rategaincom.wpenginepowered.com/wp-content/uploads/2019/04/Zika-586x293.png']"
"['How to make 35% more revenue? Tap the power of Scientific Pricing', 'Want to Maximize Your Hotel Revenue? Get Your Room Forecast Accurate ASAP', '9 Undeniable Advantages of Hotel Room Forecasting', 'Golden Rules to Make the Most of Your Hotel’s Facebook Page', 'DHISCO’s big data challenge', 'A Revenue Management mistake that you need to avoid today', 'The UK RevPAR Growth Story: Promises and Challenges', 'August 2015: Parity Performance. Where Does Your City Stand? – Latin America', 'Introducing BrandGain Restaurant Module']","['3', '3', '4', '3', '2', '2', '2', '2', '2']","['JANUARY 27, 2016', 'JANUARY 8, 2016', 'JANUARY 3, 2016', 'DECEMBER 15, 2015', 'DECEMBER 10, 2015', 'OCTOBER 23, 2015', 'OCTOBER 19, 2015', 'SEPTEMBER 28, 2015', 'SEPTEMBER 18, 2015']","['https://rategaincom.wpenginepowered.com/wp-content/uploads/2019/04/business-ohot-762x381.jpg', 'https://rategaincom.wpenginepowered.com/wp-content/uploads/2019/04/hotel-social-media-960x480.jpg', 'https://rategaincom.wpenginepowered.com/wp-content/uploads/2019/04/comp-sets-838x419.jpg', 'https://rategaincom.wpenginepowered.com/wp-content/uploads/2019/04/london-e2-678x339-1.jpg']"
"['Q&A with new DHISCO CEO Toni Portmann, on taking Pegasus beyond the hotel switch', 'Revenue optimisation love story: Grandhotel Zvon achieves 34% growth in revenue with scientific pricing', 'Scientific pricing is no longer the Lamborghini you can never have.', 'As other hotel distribution fees rise, DHISCO represents less than 1% of booking costs', 'UNT Big Data Challenge', ""How to improve your hotel's online reputation using a 100 year old mathematics principle"", 'Total Pricing', 'Update from HEDNA Barcelona: Forecast is sunny', 'RevPar Growth in Europe: The top three cities']","['2', '2', '3', '2', '3', '4', '2', '2', '2']","['SEPTEMBER 16, 2015', 'SEPTEMBER 16, 2015', 'SEPTEMBER 14, 2015', 'AUGUST 5, 2015', 'JULY 21, 2015', 'JULY 16, 2015', 'JULY 13, 2015', 'JUNE 12, 2015', 'JUNE 4, 2015']","['https://rategaincom.wpenginepowered.com/wp-content/uploads/2019/04/pareto-e-700x350.jpg', 'https://rategaincom.wpenginepowered.com/wp-content/uploads/2019/04/europe-revpar-growth_rategain-700x350.png']"
"['The news for the hotel industry just keeps getting better', 'Three important elements your Revenue Management system is missing', '5 ways to Maximize Hotel Revenues in the Era of Mobile Bookings', 'Will airbnb disrupt the hotel business or just play on the sidelines?', '3 Questions RateGain will Answer for you at WTM Latin America', '5 Key Highlights of Super Successful RateGain’s Hotel Revenue Summit 2015 Jakarta', 'Reviews and Ratings: A simple way to use them to support your transient pricing strategy', 'ITB Berlin: 5 Steps to Making Your Visit a Success', 'Accor Hotels Partners with RateGain for its Rate Shopping Solution Integration']","['2', '3', '4', '4', '4', '3', '3', '3', '2']","['MAY 19, 2015', 'APRIL 29, 2015', 'APRIL 21, 2015', 'APRIL 14, 2015', 'MARCH 23, 2015', 'MARCH 19, 2015', 'MARCH 10, 2015', 'FEBRUARY 25, 2015', 'FEBRUARY 23, 2015']",['https://rategaincom.wpenginepowered.com/wp-content/uploads/2015/04/11-elements-blog.jpg']
"['RateGain Bags Top Honour at The 2nd Inc. India Innovative100 Conference and Awards Gala', '3 Reasons to visit RateGain at ITB Berlin', 'Top 3 Tips to Price Your Hotel Rooms Right in 2015', ""Europe's Outlook for 2015: What it means for your Hotel"", 'RateGain Announces Merril Yu and Sunish Sadasivan as Hotel Revenue Summit, Manila Keynote Speakers', 'Join RateGain at Hotel Revenue Summit, Manila on February 12th, 2015']","['2', '1', '2', '5', '5', '5']","['FEBRUARY 19, 2015', 'FEBRUARY 12, 2015', 'FEBRUARY 12, 2015', 'FEBRUARY 9, 2015', 'FEBRUARY 6, 2015', 'FEBRUARY 4, 2015']",[]
